comment,sentiment
This movie was absolutely amazing and I loved every second,Positive
I hate how slow this service is,Negative
The product quality is decent for the price,Neutral
This is the worst experience I have ever had,Negative
I am very happy with the results,Positive
Not bad at all actually,Positive
The update ruined everything,Negative
It works fine I guess,Neutral
I am extremely disappointed with this purchase,Negative
Great job team this is fantastic work,Positive
The interface is okay nothing special,Neutral
Why is this so terrible and buggy,Negative
I really love the new features,Positive
This is not good at all,Negative
Could be better could be worse,Neutral
Absolutely brilliant performance loved it,Positive
The customer support was very bad,Negative
I feel neutral about this product,Neutral
This is amazing highly recommended,Positive
I regret buying this completely useless,Negative
It’s fine nothing impressive,Neutral
Such a great experience overall,Positive
Very poor execution of a good idea,Negative
I am satisfied with the outcome,Positive
The app crashes sometimes but works mostly,Neutral
Completely horrible design,Negative
I enjoyed using this a lot,Positive
It is average nothing more nothing less,Neutral
This was a terrible mistake,Negative
Absolutely loved the storyline,Positive
The performance is mediocre,Neutral
I am not happy with the service,Negative
Fantastic effort well done,Positive
This feature is not very useful,Negative
It does what it says nothing extra,Neutral
Such an amazing product great value,Positive
I would not recommend this to anyone,Negative
The experience was okay,Neutral
Super happy with the results,Positive
This is the worst update ever,Negative
Not really impressed by the quality,Negative
I love how smooth this runs,Positive
It’s just fine nothing crazy,Neutral
The design looks cheap and bad,Negative
Really great improvement over last version,Positive
It works but has some issues,Neutral
Absolutely terrible support team,Negative
I am pleased with the performance,Positive
Not good not bad just average,Neutral
This product exceeded my expectations,Positive
I am unhappy with how this turned out,Negative
It’s acceptable for now,Neutral
Brilliant concept executed perfectly,Positive
I hate this update so much,Negative
The response time is okay,Neutral
Very impressive and efficient,Positive
Worst decision I ever made,Negative
This is somewhat useful,Neutral
I genuinely love this,Positive
It fails to deliver on promises,Negative
Nothing extraordinary about this,Neutral
Excellent quality and great service,Positive
Totally disappointed with the outcome,Negative
It’s alright not too bad,Neutral
Amazing experience would try again,Positive
The build quality feels poor,Negative
It’s manageable nothing serious,Neutral
Great value for money,Positive
I strongly dislike this feature,Negative
Not sure how I feel about this,Neutral
This exceeded all my expectations,Positive
The system is extremely slow and frustrating,Negative
It’s usable but not exciting,Neutral
I absolutely love this design,Positive
Very disappointing experience overall,Negative
It does the job adequately,Neutral
Highly recommend this product,Positive
This is awful and broken,Negative
Meh it’s okay I guess,Neutral
